"id"	"label"	"motif"	"value"	"color"
0	"D2_cons.hg38"	"TATCTGGAAGTGGACATTTGGAGCGCTTTCAGGCCTATGGTGAAAAAGGAAATATCTTCCAATAAAAGCTAGATAGAAGCAATGTCAGAAACTTTTTCATGATGTATCTACTCAGCTAACAGAGTTGAACCTTTCTTTTGAGAGAGCAGTTTTGAAACACTCTTTTTGTAG"	2699	"#FFBA08"
1	"D1_cons.hg38"	"AATCTGCAAGTGGATATTTGTCTAGCTTTGAGGATTTCGTTGGAAACGGGATTACATATAAAAAGCAGACAGCAGCATTCCCAGAAACTTCTTTGTGATGTTTGCATTCAAGTCACAGAGTTGAACATTCCCTTTCATAGAGCAGGTTTGAAACACTCTTTTTGTGG"	2580	"#3185FC"
2	"D1_cons.hg38"	"AATCTGCAAGAGGATATTTGGATAGCTTTGAGGATTTCGTTGGAAACGGGATTGTCTTCATATAAACTCTAGACAGAAGCATTCTCAGAAGCTTCATTGGGATGTTTCAATTGAAGTCACAGTGTTGAACAGTCCCTTTCATAGAGCAGGTTTGAAACACTCTTTTTGTAA"	2543	"#D00000"
3	"D2_cons.hg38"	"TATCTGGATGTGGACATTTGGAGCGCTTTCAGGCCTATGGTGAAAAAGGAAATATCTTCCCCTGAAAACTAGACAGAAGCATTCTCAGAATCTTATTTGTGATGTGCGCCCTCAACTAACAGTGTTGAAGCTTTCTTTTGATAGAGCAGTTTTGAAACACTCTTTTTGTAG"	1536	"lightgrey"
4	"D2_cons.hg38"	"TATCTGGATGTGGACATTTGGAGCGCTTTCAGGCCTATGGTGAAAAAGGAAATATCTTCCCCTGAAAACTAGACAGAAGCATTCTCAGAAACTTATTTGTGATGTGCGCCCTCAACTAACAGTGTTGAAGCTTTCTTTTGATAGAGCAGTTTTGAAACACTCTTTTTGTAG"	1438	"lightgrey"
5	"D2_cons.hg38"	"TATCTGGATGTGGACATTTGGAGCGCTTTCAGGCCTATGGTGAAAAAGGAAATATCTTCCCCTGAAAACTAGACAGAAGCATTCTCAGAAACTTATTTGTGATGTGCGCCCTCAACTAACAGTGTTGAACCTTTCTTTTGATAGAGCAGTTTTGAAACACTCTTTTTGTAG"	999	"lightgrey"
6	"D1_cons.hg38"	"AATCTGCAAGTGGATATTTGTCTAGCTTTGAGGATTTCGTTGGAAACGGGATTACATATAAAAAGCAGACAGCAGCATTCCCAGTAACTTCTTTGTGATGTTTGCATTCAAGTCACAGAGTTGAACATTCCCTTTCATAGAGCAGGTTTGAAACACTCTTTTTGTGG"	813	"#3185FC"
7	"D1_cons.hg38"	"ATATCTGCAAGAGGATATTTGGATAGCTTTGAGGATTTCGTTGGAAACGGGATTGTCTTCATATAAACTCTAGACAGAAGCATTCTCAGAAGCTTCATTGGGATGTTTCAATTGAAGTCACAGTGTTGAACAGTCCCTTTCATAGAGCAGGTTTGAAACACTCTTTTTGTA"	733	"#D00000"
8	"D1_cons.hg38"	"ATATCTGCAAGAGGATATTTGGATAGCTTTGAGGATTTCGTTGGAAACGGGATTACATATAAAAAGCAGACAGCAGCATTCCCAGAAACTTCTTTGTGATGTTTGCATTCAAGTCACAGAGTTGAACATTCCCTTTCATAGAGCAGGTTTGAAACACTCTTTTTGTA"	218	"#5D2E8C"
9	"D2_cons.hg38"	"TATCTGGATGTGGACATTTGGAGCGCTTTCAGGCCTATGGTGAAAAAGGAAATATCTTCCAATAAAAGCTAGATAGAAGCAATGTCAGAAACTTTTTCATGATGTATCTACTCAGCTAACAGAGTTGAACCTTTCTTTTGAGAGAGCAGTTTTGAAACACTCTTTTTGTAG"	209	"#FFBA08"
10	"D1_cons.hg38"	"AATCTGCAAGTGGATATTTGTCTAGCTTTGAGGATTTCGTTGGAAACGGGATTGTCTTCATATAAACTCTAGACAGAAGCATTCTCAGAAGCTTCATTGGGATGTTTCAATTGAAGTCACAGTGTTGAACAGTCCCTTTCATAGAGCAGGTTTGAAACACTCTTTTTGTGG"	83	"#8FE388"
11	"D2_cons.hg38"	"TATCTGGAAGTGGACATTTGGAGCGCTTTCAGGCCTATGGTGAAAAAGGAAATATCTTCCCCTGAAAACTAGACAGAAGCATTCTCAGAAACTTATTTGTGATGTGCGCCCTCAACTAACAGTGTTGAAGCTTTCTTTTGATAGAGCAGTTTTGAAACACTCTTTTTGTAG"	67	"lightgrey"
12	"D2_cons.hg38"	"TATCTGGATGTGGACATTTGGAGCGCTTTCAGGCCTATGGTGAAAAAGGAAATATCTTCCCCTGAAAACTAGACAGAAGCATTCTCAGAAACTTATTTGTGATGTGCGCCCTCAACTAACAGTGTTGAACCTTTCTTTTGAGAGAGCAGTTTTGAAACACTCTTTTTGTAG"	44	"lightgrey"
13	"D1_cons.hg38"	"AATCTGCAAGAGGATATTTGGATAGCTTTGAGGATTTCGTTGGAAACGGGATTACATATAAAAAGCAGACAGCAGCATTCCCAGAAACTTCTTTGTGATGTTTGCATTCAAGTCACAGAGTTGAACATTCCCTTTCATAGAGCAGGTTTGAAACACTCTTTTTGTAA"	15	"#5D2E8C"
14	"D2_cons.hg38"	"TATCTGGAAGTGGACATTTGGAGCGCTTTCAGGCCTATGGTGAAAAAGGAAATATCTTCCCCTGAAAACTAGACAGAAGCATTCTCAGAATCTTATTTGTGATGTGCGCCCTCAACTAACAGTGTTGAAGCTTTCTTTTGATAGAGCAGTTTTGAAACACTCTTTTTGTAG"	12	"lightgrey"
15	"D2_cons.hg38"	"TATCTGGAAGTGGACATTTGGAGCGCTCTCAGGACTACGGTGAAAAAGGAAATATCTTCCCCTGAAAACTAGACAGAAGCATTCTCAGAAGCTTCATTGGGATGTTTCAATTGAAGTCACAGTGTTGAACAGTCCCTTTCATAGAGCAGGTTTGAAACACTCTTTTTGTAG"	11	"#FF9B85"
16	"D1_cons.hg38"	"AATCTGCAAGAGGATATTTGGATAGCTTTGAGGATTTCGTTGGAAACGGGATTACATATAAAAAGCAGACAGCAGCATTCCCAGTAACTTCTTTGTGATGTTTGCATTCAAGTCACAGAGTTGAACATTCCCTTTCATAGAGCAGGTTTGAAACACTCTTTTTGTAA"	8	"#5D2E8C"
17	"FD_D1D2_hybrid_cons.hg38"	"AATCTGCAAGAGGATATTTGGATAGCTTTGAGGATTTCGTTGGAAACGGGATTGTCTTCATATAAACTCTAGACAGAAGCATTCTCAGAATCTTATTTGTGATGTGCGCCCTCAACTAACAGTGTTGAAGCTTTCTTTTGATAGAGCAGTTTTGAAACACTCTTTTTGTAA"	5	"#8c5c2b"
18	"D1_cons.hg38"	"ATATCTGCAAGAGGATATTTGGATAGCTTTGAGGATTTCGTTGGAAACGGGATTACATATAAAAAGCAGACAGCAGCATTCCCAGTAACTTCTTTGTGATGTTTGCATTCAAGTCACAGAGTTGAACATTCCCTTTCATAGAGCAGGTTTGAAACACTCTTTTTGTA"	4	"#5D2E8C"
19	"FD_D1D2_hybrid_cons.hg38"	"AATCTGCAAGAGGATATTTGGATAGCTTTGAGGATTTCGTTGGAAACGGGATTGTCTTCATATAAACTCTAGACAGAAGCATTCTCAGAAACTTATTTGTGATGTGCGCCCTCAACTAACAGTGTTGAAGCTTTCTTTTGATAGAGCAGTTTTGAAACACTCTTTTTGTAA"	3	"#8c5c2b"
20	"FD_D1D2_hybrid_cons.hg38"	"ATATCTGCAAGAGGATATTTGGATAGCTTTGAGGATTTCGTTGGAAACGGGATTGTCTTCATATAAACTCTAGACAGAAGCATTCTCAGAAACTTATTTGTGATGTGCGCCCTCAACTAACAGTGTTGAACCTTTCTTTTGATAGAGCAGTTTTGAAACACTCTTTTTGTA"	2	"#8c5c2b"
21	"FD_D1D2_hybrid_cons.hg38"	"AATCTGCAAGTGGATATTTGTCTAGCTTTGAGGATTTCGTTGGAAACGGGATTGTCTTCATATAAACTCTAGACAGAAGCATTCTCAGAAACTTATTTGTGATGTGCGCCCTCAACTAACAGTGTTGAACCTTTCTTTTGATAGAGCAGTTTTGAAACACTCTTTTTGTGG"	1	"#696663"
22	"FD_D1D2_hybrid_cons.hg38"	"ATATCTGCAAGAGGATATTTGGATAGCTTTGAGGATTTCGTTGGAAACGGGATTGTCTTCATATAAACTCTAGACAGAAGCATTCTCAGAAACTTATTTGTGATGTGCGCCCTCAACTAACAGTGTTGAAGCTTTCTTTTGATAGAGCAGTTTTGAAACACTCTTTTTGTA"	1	"#8c5c2b"
23	"D2_cons.hg38"	"TATCTGGATGTGGACATTTGGAGCGCTCTCAGGACTACGGTGAAAAAGGAAATATCTTCCCCTGAAAACTAGACAGAAGCATTCTCAGAAGCTTCATTGGGATGTTTCAATTGAAGTCACAGTGTTGAACAGTCCCTTTCATAGAGCAGGTTTGAAACACTCTTTTTGTAG"	1	"#FF9B85"
24	"D2_cons.hg38"	"TATCTGGATGTGGACATTTGGAGCGCTTTCAGGCCTATGGTGAAAAAGGAAATATCTTCCCCTGAAAACTAGACAGAAGCATTCTCAGAAGCTTCATTGGGATGTTTCAATTGAAGTCACAGTGTTGAACAGTCCCTTTCATAGAGCAGGTTTGAAACACTCTTTTTGTAG"	1	"#696663"
