id	motif	rep_num	label
0	TATCTGGAAGTGGACATTTGGAGCGCTTTCAGGCCTATGGTGAAAAAGGAAATATCTTCCAATAAAAGCTAGATAGAAGCAATGTCAGAAACTTTTTCATGATGTATCTACTCAGCTAACAGAGTTGAACCTTTCTTTTGAGAGAGCAGTTTTGAAACACTCTTTTTGTAG	2699	D2_cons.hg38
1	AATCTGCAAGTGGATATTTGTCTAGCTTTGAGGATTTCGTTGGAAACGGGATTACATATAAAAAGCAGACAGCAGCATTCCCAGAAACTTCTTTGTGATGTTTGCATTCAAGTCACAGAGTTGAACATTCCCTTTCATAGAGCAGGTTTGAAACACTCTTTTTGTGG	2580	D1_cons.hg38
2	AATCTGCAAGAGGATATTTGGATAGCTTTGAGGATTTCGTTGGAAACGGGATTGTCTTCATATAAACTCTAGACAGAAGCATTCTCAGAAGCTTCATTGGGATGTTTCAATTGAAGTCACAGTGTTGAACAGTCCCTTTCATAGAGCAGGTTTGAAACACTCTTTTTGTAA	2543	D1_cons.hg38
3	TATCTGGATGTGGACATTTGGAGCGCTTTCAGGCCTATGGTGAAAAAGGAAATATCTTCCCCTGAAAACTAGACAGAAGCATTCTCAGAATCTTATTTGTGATGTGCGCCCTCAACTAACAGTGTTGAAGCTTTCTTTTGATAGAGCAGTTTTGAAACACTCTTTTTGTAG	1536	D2_cons.hg38
4	TATCTGGATGTGGACATTTGGAGCGCTTTCAGGCCTATGGTGAAAAAGGAAATATCTTCCCCTGAAAACTAGACAGAAGCATTCTCAGAAACTTATTTGTGATGTGCGCCCTCAACTAACAGTGTTGAAGCTTTCTTTTGATAGAGCAGTTTTGAAACACTCTTTTTGTAG	1438	D2_cons.hg38
5	TATCTGGATGTGGACATTTGGAGCGCTTTCAGGCCTATGGTGAAAAAGGAAATATCTTCCCCTGAAAACTAGACAGAAGCATTCTCAGAAACTTATTTGTGATGTGCGCCCTCAACTAACAGTGTTGAACCTTTCTTTTGATAGAGCAGTTTTGAAACACTCTTTTTGTAG	999	D2_cons.hg38
6	AATCTGCAAGTGGATATTTGTCTAGCTTTGAGGATTTCGTTGGAAACGGGATTACATATAAAAAGCAGACAGCAGCATTCCCAGTAACTTCTTTGTGATGTTTGCATTCAAGTCACAGAGTTGAACATTCCCTTTCATAGAGCAGGTTTGAAACACTCTTTTTGTGG	813	D1_cons.hg38
7	ATATCTGCAAGAGGATATTTGGATAGCTTTGAGGATTTCGTTGGAAACGGGATTGTCTTCATATAAACTCTAGACAGAAGCATTCTCAGAAGCTTCATTGGGATGTTTCAATTGAAGTCACAGTGTTGAACAGTCCCTTTCATAGAGCAGGTTTGAAACACTCTTTTTGTA	733	D1_cons.hg38
8	ATATCTGCAAGAGGATATTTGGATAGCTTTGAGGATTTCGTTGGAAACGGGATTACATATAAAAAGCAGACAGCAGCATTCCCAGAAACTTCTTTGTGATGTTTGCATTCAAGTCACAGAGTTGAACATTCCCTTTCATAGAGCAGGTTTGAAACACTCTTTTTGTA	218	D1_cons.hg38
9	TATCTGGATGTGGACATTTGGAGCGCTTTCAGGCCTATGGTGAAAAAGGAAATATCTTCCAATAAAAGCTAGATAGAAGCAATGTCAGAAACTTTTTCATGATGTATCTACTCAGCTAACAGAGTTGAACCTTTCTTTTGAGAGAGCAGTTTTGAAACACTCTTTTTGTAG	209	D2_cons.hg38
10	AATCTGCAAGTGGATATTTGTCTAGCTTTGAGGATTTCGTTGGAAACGGGATTGTCTTCATATAAACTCTAGACAGAAGCATTCTCAGAAGCTTCATTGGGATGTTTCAATTGAAGTCACAGTGTTGAACAGTCCCTTTCATAGAGCAGGTTTGAAACACTCTTTTTGTGG	83	D1_cons.hg38
11	TATCTGGAAGTGGACATTTGGAGCGCTTTCAGGCCTATGGTGAAAAAGGAAATATCTTCCCCTGAAAACTAGACAGAAGCATTCTCAGAAACTTATTTGTGATGTGCGCCCTCAACTAACAGTGTTGAAGCTTTCTTTTGATAGAGCAGTTTTGAAACACTCTTTTTGTAG	67	D2_cons.hg38
12	TATCTGGATGTGGACATTTGGAGCGCTTTCAGGCCTATGGTGAAAAAGGAAATATCTTCCCCTGAAAACTAGACAGAAGCATTCTCAGAAACTTATTTGTGATGTGCGCCCTCAACTAACAGTGTTGAACCTTTCTTTTGAGAGAGCAGTTTTGAAACACTCTTTTTGTAG	44	D2_cons.hg38
13	AATCTGCAAGAGGATATTTGGATAGCTTTGAGGATTTCGTTGGAAACGGGATTACATATAAAAAGCAGACAGCAGCATTCCCAGAAACTTCTTTGTGATGTTTGCATTCAAGTCACAGAGTTGAACATTCCCTTTCATAGAGCAGGTTTGAAACACTCTTTTTGTAA	15	D1_cons.hg38
14	TATCTGGAAGTGGACATTTGGAGCGCTTTCAGGCCTATGGTGAAAAAGGAAATATCTTCCCCTGAAAACTAGACAGAAGCATTCTCAGAATCTTATTTGTGATGTGCGCCCTCAACTAACAGTGTTGAAGCTTTCTTTTGATAGAGCAGTTTTGAAACACTCTTTTTGTAG	12	D2_cons.hg38
15	TATCTGGAAGTGGACATTTGGAGCGCTCTCAGGACTACGGTGAAAAAGGAAATATCTTCCCCTGAAAACTAGACAGAAGCATTCTCAGAAGCTTCATTGGGATGTTTCAATTGAAGTCACAGTGTTGAACAGTCCCTTTCATAGAGCAGGTTTGAAACACTCTTTTTGTAG	11	D2_cons.hg38
16	AATCTGCAAGAGGATATTTGGATAGCTTTGAGGATTTCGTTGGAAACGGGATTACATATAAAAAGCAGACAGCAGCATTCCCAGTAACTTCTTTGTGATGTTTGCATTCAAGTCACAGAGTTGAACATTCCCTTTCATAGAGCAGGTTTGAAACACTCTTTTTGTAA	8	D1_cons.hg38
17	AATCTGCAAGAGGATATTTGGATAGCTTTGAGGATTTCGTTGGAAACGGGATTGTCTTCATATAAACTCTAGACAGAAGCATTCTCAGAATCTTATTTGTGATGTGCGCCCTCAACTAACAGTGTTGAAGCTTTCTTTTGATAGAGCAGTTTTGAAACACTCTTTTTGTAA	5	FD_D1D2_hybrid_cons.hg38
18	ATATCTGCAAGAGGATATTTGGATAGCTTTGAGGATTTCGTTGGAAACGGGATTACATATAAAAAGCAGACAGCAGCATTCCCAGTAACTTCTTTGTGATGTTTGCATTCAAGTCACAGAGTTGAACATTCCCTTTCATAGAGCAGGTTTGAAACACTCTTTTTGTA	4	D1_cons.hg38
19	AATCTGCAAGAGGATATTTGGATAGCTTTGAGGATTTCGTTGGAAACGGGATTGTCTTCATATAAACTCTAGACAGAAGCATTCTCAGAAACTTATTTGTGATGTGCGCCCTCAACTAACAGTGTTGAAGCTTTCTTTTGATAGAGCAGTTTTGAAACACTCTTTTTGTAA	3	FD_D1D2_hybrid_cons.hg38
20	ATATCTGCAAGAGGATATTTGGATAGCTTTGAGGATTTCGTTGGAAACGGGATTGTCTTCATATAAACTCTAGACAGAAGCATTCTCAGAAACTTATTTGTGATGTGCGCCCTCAACTAACAGTGTTGAACCTTTCTTTTGATAGAGCAGTTTTGAAACACTCTTTTTGTA	2	FD_D1D2_hybrid_cons.hg38
21	AATCTGCAAGTGGATATTTGTCTAGCTTTGAGGATTTCGTTGGAAACGGGATTGTCTTCATATAAACTCTAGACAGAAGCATTCTCAGAAACTTATTTGTGATGTGCGCCCTCAACTAACAGTGTTGAACCTTTCTTTTGATAGAGCAGTTTTGAAACACTCTTTTTGTGG	1	FD_D1D2_hybrid_cons.hg38
22	ATATCTGCAAGAGGATATTTGGATAGCTTTGAGGATTTCGTTGGAAACGGGATTGTCTTCATATAAACTCTAGACAGAAGCATTCTCAGAAACTTATTTGTGATGTGCGCCCTCAACTAACAGTGTTGAAGCTTTCTTTTGATAGAGCAGTTTTGAAACACTCTTTTTGTA	1	FD_D1D2_hybrid_cons.hg38
23	TATCTGGATGTGGACATTTGGAGCGCTCTCAGGACTACGGTGAAAAAGGAAATATCTTCCCCTGAAAACTAGACAGAAGCATTCTCAGAAGCTTCATTGGGATGTTTCAATTGAAGTCACAGTGTTGAACAGTCCCTTTCATAGAGCAGGTTTGAAACACTCTTTTTGTAG	1	D2_cons.hg38
24	TATCTGGATGTGGACATTTGGAGCGCTTTCAGGCCTATGGTGAAAAAGGAAATATCTTCCCCTGAAAACTAGACAGAAGCATTCTCAGAAGCTTCATTGGGATGTTTCAATTGAAGTCACAGTGTTGAACAGTCCCTTTCATAGAGCAGGTTTGAAACACTCTTTTTGTAG	1	D2_cons.hg38
