id	motif	rep_num
0	ATGGAAATATCTACACCGCTATCTGTATAAAC	141
1	ATGGAAATATCTACACCGCTATCTCTATAAAC	86
2	ATGGAAATATCTACACCGCCATCTGTATAAAC	70
3	ATGGAAATATCTACACAGTCATCTGTATAAAC	63
4	ATGGAAATATCTACACTGCCATCTGTATAAAC	58
5	ATGGAAATATCTACACAGCCATCTGTATAAAC	50
6	ATGGAAATATCTACACCACCATCTGTATAAAC	47
7	ATGGAAATATCTACACCACTATCTGTATAAAC	46
8	ATGGAAATATCTACACCGCTATCTGTATAAAT	42
9	ATGGAAATATCTACACCGCCATCTCTATAAAC	37
10	ATGGAAATACCTACACCGCTATCTGTATAAAC	36
11	ATGGAAATATCTACACCGCGATCTGTATAAAC	32
12	ATGGAAATATCTACATGGCTATCTCTATAAAC	31
13	ATGGAAATACCTACACCGCTATCTCTATAAAC	30
14	ATGGAAATATCTACACTGCCATCTGTATACAC	30
15	TTGGAAATATCTACACCGCTATCTGTATAAAC	28
16	ATGGAAATAGCCACACCGCTATCTGTATAAAC	25
17	ATGGAAATATCTACACAGCCATCTCTATAAAC	23
18	ATGGAAATATCTACACCACCATCTCTATAAAC	22
19	ATGGAAACATCTACACCGCTATCTGTATAAAC	9
20	GTGGAAATATCTACACCACTATCTGTATAAAC	8
21	ATGGAAACATCTACACCGCTATCTCTATAAAC	8
22	ATGGAAATATCTACACCGCTATCTCTATACAC	7
23	ATGGAAATACCTACACCGCTATCTGTATAAATATGGAAATATCTACACCGCCATCTGTATAAAC	3
24	ATGGAAACATCTACACCGCTATCTCTATACACATGGAAATATCTACACTGCCATCTGTATAAAC	1
25	ATGGAAATACCTACACCGCTATCTCTATAAACATGGAAATATCTACACTGCCATCTGTATACAC	1
